12/11/2020,1
11/11/2020,8
10/11/2020,11
09/11/2020,8
08/11/2020,8
07/11/2020,7
06/11/2020,7
05/11/2020,8
04/11/2020,5
03/11/2020,5
02/11/2020,10
01/11/2020,10
31/10/2020,7
30/10/2020,9
29/10/2020,5
28/10/2020,7
27/10/2020,10
26/10/2020,6
25/10/2020,7
24/10/2020,5
23/10/2020,5
22/10/2020,6
21/10/2020,8
20/10/2020,10
19/10/2020,8
18/10/2020,9
17/10/2020,4
16/10/2020,9
15/10/2020,11
14/10/2020,12
13/10/2020,6
12/10/2020,5
11/10/2020,6
10/10/2020,11
09/10/2020,5
08/10/2020,8
07/10/2020,4
06/10/2020,9
05/10/2020,11
04/10/2020,3
03/10/2020,5
02/10/2020,5
01/10/2020,8
30/09/2020,5
29/09/2020,8
28/09/2020,9
27/09/2020,6
26/09/2020,9
25/09/2020,5
24/09/2020,8
23/09/2020,6
22/09/2020,9
21/09/2020,13
20/09/2020,6
19/09/2020,5
18/09/2020,12
17/09/2020,6
16/09/2020,7
15/09/2020,7
14/09/2020,6
13/09/2020,7
12/09/2020,10
11/09/2020,7
10/09/2020,7
09/09/2020,9
08/09/2020,5
07/09/2020,11
06/09/2020,8
05/09/2020,10
04/09/2020,7
03/09/2020,5
02/09/2020,7
01/09/2020,7
31/08/2020,7
30/08/2020,10
29/08/2020,7
28/08/2020,6
27/08/2020,14
26/08/2020,10
25/08/2020,8
24/08/2020,8
23/08/2020,6
22/08/2020,11
21/08/2020,9
20/08/2020,6
19/08/2020,12
18/08/2020,7
17/08/2020,8
16/08/2020,5
15/08/2020,4
14/08/2020,9
13/08/2020,7
12/08/2020,10
11/08/2020,9
10/08/2020,15
09/08/2020,12
08/08/2020,10
07/08/2020,4
06/08/2020,9
05/08/2020,10
04/08/2020,7
03/08/2020,3
02/08/2020,9
01/08/2020,7
31/07/2020,10
30/07/2020,5
29/07/2020,8
28/07/2020,11
27/07/2020,8
26/07/2020,6
25/07/2020,6
24/07/2020,9
23/07/2020,7
22/07/2020,6
21/07/2020,8
20/07/2020,7
19/07/2020,5
18/07/2020,6
17/07/2020,10
16/07/2020,3
15/07/2020,8
14/07/2020,12
13/07/2020,9
12/07/2020,6
11/07/2020,4
10/07/2020,10
09/07/2020,7
08/07/2020,4
07/07/2020,5
06/07/2020,5
05/07/2020,2
04/07/2020,4
03/07/2020,8
02/07/2020,2
01/07/2020,8
30/06/2020,12
29/06/2020,7
28/06/2020,4
27/06/2020,6
26/06/2020,5
25/06/2020,9
24/06/2020,13
23/06/2020,12
22/06/2020,6
21/06/2020,5
20/06/2020,7
19/06/2020,8
18/06/2020,6
17/06/2020,3
16/06/2020,7
15/06/2020,7
14/06/2020,8
13/06/2020,9
12/06/2020,6
11/06/2020,5
10/06/2020,12
09/06/2020,2
08/06/2020,6
07/06/2020,8
06/06/2020,9
05/06/2020,7
04/06/2020,11
03/06/2020,8
02/06/2020,9
01/06/2020,5
31/05/2020,7
30/05/2020,13
29/05/2020,4
28/05/2020,9
27/05/2020,9
26/05/2020,8
25/05/2020,7
24/05/2020,4
23/05/2020,4
22/05/2020,8
21/05/2020,4
20/05/2020,7
19/05/2020,10
18/05/2020,10
17/05/2020,6
16/05/2020,6
15/05/2020,5
14/05/2020,4
13/05/2020,12
12/05/2020,18
11/05/2020,14
10/05/2020,6
09/05/2020,9
08/05/2020,7
07/05/2020,7
06/05/2020,5
05/05/2020,7
04/05/2020,8
03/05/2020,10
02/05/2020,8
01/05/2020,7
30/04/2020,7
29/04/2020,9
28/04/2020,7
27/04/2020,1
26/04/2020,6
25/04/2020,5
24/04/2020,9
23/04/2020,7
22/04/2020,10
21/04/2020,6
20/04/2020,7
19/04/2020,8
18/04/2020,4
17/04/2020,8
16/04/2020,6
15/04/2020,8
14/04/2020,4
13/04/2020,9
12/04/2020,9
11/04/2020,6
10/04/2020,4
09/04/2020,5
08/04/2020,12
07/04/2020,7
06/04/2020,6
05/04/2020,8
04/04/2020,6
03/04/2020,9
02/04/2020,8
01/04/2020,9
31/03/2020,7
30/03/2020,6
29/03/2020,4
28/03/2020,4
27/03/2020,11
26/03/2020,6
25/03/2020,12
24/03/2020,3
23/03/2020,10
22/03/2020,5
21/03/2020,11
20/03/2020,7
19/03/2020,5
18/03/2020,6
17/03/2020,7
16/03/2020,5
15/03/2020,6
14/03/2020,5
13/03/2020,9
12/03/2020,4
11/03/2020,8
10/03/2020,6
09/03/2020,11
08/03/2020,8
07/03/2020,5
06/03/2020,8
05/03/2020,4
04/03/2020,2
03/03/2020,7
02/03/2020,7
01/03/2020,9
29/02/2020,7
28/02/2020,9
27/02/2020,5
26/02/2020,10
25/02/2020,4
24/02/2020,8
23/02/2020,14
22/02/2020,10
21/02/2020,13
20/02/2020,11
19/02/2020,8
18/02/2020,5
17/02/2020,3
16/02/2020,6
15/02/2020,5
14/02/2020,5
13/02/2020,10
12/02/2020,6
11/02/2020,8
10/02/2020,4
09/02/2020,3
08/02/2020,3
07/02/2020,5
06/02/2020,7
05/02/2020,10
04/02/2020,5
03/02/2020,7
02/02/2020,8
01/02/2020,5
31/01/2020,8
30/01/2020,8
29/01/2020,7
28/01/2020,5
27/01/2020,7
26/01/2020,9
25/01/2020,8
24/01/2020,7
23/01/2020,8
22/01/2020,7
21/01/2020,10
20/01/2020,5
19/01/2020,10
18/01/2020,8
17/01/2020,8
16/01/2020,7
15/01/2020,8
14/01/2020,3
13/01/2020,9
12/01/2020,6
11/01/2020,5
10/01/2020,10
09/01/2020,6
08/01/2020,5
07/01/2020,9
06/01/2020,11
05/01/2020,12
04/01/2020,7
03/01/2020,8
02/01/2020,9
01/01/2020,8
31/12/2019,5
30/12/2019,3
29/12/2019,10
28/12/2019,3
27/12/2019,8
26/12/2019,11
25/12/2019,9
24/12/2019,10
23/12/2019,5
22/12/2019,6
21/12/2019,7
20/12/2019,8
19/12/2019,5
18/12/2019,7
17/12/2019,6
16/12/2019,9
15/12/2019,6
14/12/2019,10
13/12/2019,5
12/12/2019,11
11/12/2019,6
10/12/2019,8
09/12/2019,7
08/12/2019,6
07/12/2019,5
06/12/2019,15
05/12/2019,7
04/12/2019,9
03/12/2019,11
02/12/2019,8
01/12/2019,14
30/11/2019,3
29/11/2019,8
28/11/2019,8
27/11/2019,12
26/11/2019,7
25/11/2019,6
24/11/2019,16
23/11/2019,12
22/11/2019,3
21/11/2019,9
20/11/2019,8
19/11/2019,3
18/11/2019,4
17/11/2019,8
16/11/2019,6
15/11/2019,6
14/11/2019,11
13/11/2019,5
12/11/2019,7
11/11/2019,8
10/11/2019,3
09/11/2019,8
08/11/2019,3
07/11/2019,7
06/11/2019,3
05/11/2019,4
04/11/2019,6
03/11/2019,11
02/11/2019,7
01/11/2019,4
31/10/2019,4
30/10/2019,5
29/10/2019,9
28/10/2019,8
27/10/2019,8
26/10/2019,3
25/10/2019,8
24/10/2019,8
23/10/2019,7
22/10/2019,4
21/10/2019,8
20/10/2019,6
19/10/2019,10
18/10/2019,9
17/10/2019,8
16/10/2019,5
15/10/2019,9
14/10/2019,6
13/10/2019,5
12/10/2019,7
11/10/2019,1
10/10/2019,14
09/10/2019,6
08/10/2019,7
07/10/2019,10
06/10/2019,2
05/10/2019,5
04/10/2019,8
03/10/2019,8
02/10/2019,8
01/10/2019,5
30/09/2019,7
29/09/2019,12
28/09/2019,8
27/09/2019,8
26/09/2019,8
25/09/2019,11
24/09/2019,9
23/09/2019,11
22/09/2019,3
21/09/2019,12
20/09/2019,5
19/09/2019,8
18/09/2019,7
17/09/2019,10
16/09/2019,7
15/09/2019,4
14/09/2019,8
13/09/2019,5
12/09/2019,6
11/09/2019,4
10/09/2019,11
09/09/2019,9
08/09/2019,11
07/09/2019,7
06/09/2019,5
05/09/2019,13
04/09/2019,5
03/09/2019,7
02/09/2019,5
01/09/2019,3
31/08/2019,11
30/08/2019,9
29/08/2019,8
28/08/2019,6
27/08/2019,6
26/08/2019,8
25/08/2019,3
24/08/2019,7
23/08/2019,4
22/08/2019,8
21/08/2019,5
20/08/2019,8
19/08/2019,6
18/08/2019,7
17/08/2019,4
16/08/2019,5
15/08/2019,6
14/08/2019,3
13/08/2019,10
12/08/2019,10
11/08/2019,12
10/08/2019,5
09/08/2019,12
08/08/2019,8
07/08/2019,11
06/08/2019,7
05/08/2019,8
04/08/2019,15
03/08/2019,8
02/08/2019,7
01/08/2019,10
31/07/2019,6
30/07/2019,3
29/07/2019,9
28/07/2019,5
27/07/2019,8
26/07/2019,11
25/07/2019,7
24/07/2019,6
23/07/2019,7
22/07/2019,7
21/07/2019,11
20/07/2019,7
19/07/2019,7
18/07/2019,9
17/07/2019,5
16/07/2019,7
15/07/2019,5
14/07/2019,10
13/07/2019,7
12/07/2019,5
11/07/2019,4
10/07/2019,8
09/07/2019,6
08/07/2019,2
07/07/2019,7
06/07/2019,11
05/07/2019,6
04/07/2019,6
03/07/2019,5
02/07/2019,9
01/07/2019,4
30/06/2019,9
29/06/2019,8
28/06/2019,6
27/06/2019,11
26/06/2019,2
25/06/2019,13
24/06/2019,7
23/06/2019,8
22/06/2019,9
21/06/2019,7
20/06/2019,6
19/06/2019,7
18/06/2019,6
17/06/2019,8
16/06/2019,8
15/06/2019,5
14/06/2019,7
13/06/2019,8
12/06/2019,8
11/06/2019,3
10/06/2019,5
09/06/2019,4
08/06/2019,7
07/06/2019,4
06/06/2019,7
05/06/2019,7
04/06/2019,4
03/06/2019,2
02/06/2019,7
01/06/2019,5
31/05/2019,8
30/05/2019,8
29/05/2019,8
28/05/2019,5
27/05/2019,11
26/05/2019,7
25/05/2019,10
24/05/2019,8
23/05/2019,7
22/05/2019,9
21/05/2019,9
20/05/2019,8
19/05/2019,6
18/05/2019,8
17/05/2019,6
16/05/2019,6
15/05/2019,9
14/05/2019,12
13/05/2019,5
12/05/2019,9
11/05/2019,3
10/05/2019,14
09/05/2019,5
08/05/2019,8
07/05/2019,6
06/05/2019,8
05/05/2019,11
04/05/2019,5
03/05/2019,8
02/05/2019,7
01/05/2019,11
30/04/2019,6
29/04/2019,9
28/04/2019,10
27/04/2019,7
26/04/2019,7
25/04/2019,3
24/04/2019,6
23/04/2019,5
22/04/2019,7
21/04/2019,8
20/04/2019,2
19/04/2019,6
18/04/2019,6
17/04/2019,6
16/04/2019,7
15/04/2019,10
14/04/2019,6
13/04/2019,8
12/04/2019,4
11/04/2019,14
10/04/2019,8
09/04/2019,5
08/04/2019,5
07/04/2019,4
06/04/2019,7
05/04/2019,7
04/04/2019,11
03/04/2019,9
02/04/2019,4
01/04/2019,8
31/03/2019,10
30/03/2019,5
29/03/2019,11
28/03/2019,5
27/03/2019,8
26/03/2019,10
25/03/2019,7
24/03/2019,3
23/03/2019,7
22/03/2019,12
21/03/2019,5
20/03/2019,6
19/03/2019,8
18/03/2019,7
17/03/2019,10
16/03/2019,9
15/03/2019,7
14/03/2019,6
13/03/2019,6
12/03/2019,8
11/03/2019,8
10/03/2019,4
09/03/2019,7
08/03/2019,4
07/03/2019,8
06/03/2019,5
05/03/2019,10
04/03/2019,8
03/03/2019,7
02/03/2019,5
01/03/2019,7
28/02/2019,10
27/02/2019,8
26/02/2019,8
25/02/2019,8
24/02/2019,7
23/02/2019,14
22/02/2019,5
21/02/2019,8
20/02/2019,2
19/02/2019,4
18/02/2019,6
17/02/2019,5
16/02/2019,4
15/02/2019,6
14/02/2019,7
13/02/2019,8
12/02/2019,6
11/02/2019,6
10/02/2019,3
09/02/2019,11
08/02/2019,6
07/02/2019,8
06/02/2019,6
05/02/2019,10
04/02/2019,10
03/02/2019,7
02/02/2019,7
01/02/2019,7
31/01/2019,5
30/01/2019,9
29/01/2019,5
28/01/2019,8
27/01/2019,4
26/01/2019,14
25/01/2019,10
24/01/2019,6
23/01/2019,9
22/01/2019,14
21/01/2019,7
20/01/2019,7
19/01/2019,8
18/01/2019,7
17/01/2019,6
16/01/2019,3
15/01/2019,7
14/01/2019,6
13/01/2019,8
12/01/2019,5
11/01/2019,8
10/01/2019,5
09/01/2019,5
08/01/2019,11
07/01/2019,10
06/01/2019,7
05/01/2019,3
04/01/2019,5
03/01/2019,6
02/01/2019,5
01/01/2019,6
31/12/2018,6
30/12/2018,9
29/12/2018,11
28/12/2018,6
27/12/2018,5
26/12/2018,9
25/12/2018,5
24/12/2018,8
23/12/2018,11
22/12/2018,5
21/12/2018,2
20/12/2018,11
19/12/2018,4
18/12/2018,4
17/12/2018,12
16/12/2018,10
15/12/2018,11
14/12/2018,7
13/12/2018,8
12/12/2018,6
11/12/2018,12
10/12/2018,9
09/12/2018,10
08/12/2018,7
07/12/2018,7
06/12/2018,12
05/12/2018,4
04/12/2018,6
03/12/2018,9
02/12/2018,4
01/12/2018,6
30/11/2018,4
29/11/2018,13
28/11/2018,7
27/11/2018,7
26/11/2018,1
25/11/2018,4
24/11/2018,6
23/11/2018,5
22/11/2018,3
21/11/2018,6
20/11/2018,8
19/11/2018,5
18/11/2018,7
17/11/2018,5
16/11/2018,5
15/11/2018,4
14/11/2018,9
13/11/2018,5
12/11/2018,6
11/11/2018,9
10/11/2018,6
09/11/2018,5
08/11/2018,9
07/11/2018,5
06/11/2018,9
05/11/2018,3
04/11/2018,10
03/11/2018,3
02/11/2018,6
01/11/2018,9
31/10/2018,9
30/10/2018,14
29/10/2018,6
28/10/2018,5
27/10/2018,11
